name,ph_seq,ph_dur,ph_num,note_seq,note_dur,note_slur
CODEY_VoxPlus_1_00,SP d ang w uo m en b en x iang x ing h ai AP SP,0.14331 0.08254 0.19683 0.05351 0.28481 0.09159 0.30024 0.03167 0.15972 0.22222 0.43084 0.17596 0.53696 0.09318 1.56797 0.30801 0.10472,2 2 2 2 2 2 2 1 1 1,rest G4-48 F4-11 E4-12 C4+17 D5-45 C5-12 G4+1 G4+3 rest rest,0.226 0.250 0.376 0.332 0.382 0.607 0.387 0.243 1.568 0.308 0.105,0 0 0 0 0 0 0 1 0 0 0
CODEY_VoxPlus_1_01,SP h ui y iu y ing j ie d e j ian ch uan AP,0.08798 0.03538 0.29115 0.06703 0.23048 0.04263 0.28027 0.1261 0.23036 0.12427 0.59591 0.12427 0.54422 0.08344 1.94016 0.30635,2 2 2 2 2 2 2 1 1,rest G4-5 F4+10 E4-1 C4+47 D5+9 C5-5 C5-5 B4+1 B4+2 C5-11 G#4+9 G4+0 rest,0.123 0.358 0.273 0.406 0.355 0.404 0.316 0.334 0.293 0.747 0.230 0.190 0.774 0.306,0 0 0 0 0 0 1 0 1 0 1 1 1 0
CODEY_VoxPlus_1_02,t a m en d ou p uo b u j i d ai AP ch uan zh e x iao x iao d e AP y0 v zh ou y i l ai AP SP,0.10612 0.26758 0.06241 0.31854 0.02721 0.24762 0.15546 0.22277 0.11822 0.46681 0.16327 0.56871 0.04526 0.33297 0.34286 0.0907 0.31655 0.02358 0.21406 0.14422 0.21769 0.16326 0.26758 0.07343 0.38915 0.2458 0.05715 0.53968 0.132 0.29703 0.06899 0.32466 0.03174 0.35737 0.44626 0.12018,1 2 2 2 2 2 2 1 2 2 2 2 2 1 2 2 2 2 1 1 1,rest G4-34 F4-3 E4+10 C#4-43 D5-3 B4+9 B4-14 rest F#4+37 E4+49 D#4+41 C4+3 D4+4 rest E4+8 G4-12 C5-5 B4+7 rest rest,0.106 0.330 0.346 0.403 0.341 0.630 0.614 0.333 0.434 0.340 0.358 0.381 0.341 0.389 0.303 0.672 0.366 0.356 0.357 0.446 0.120,0 0 0 0 0 0 0 0 0 0 0 0 0 0 0 0 0 0 0 0 0
CODEY_VoxPlus_1_03,SP n i d e h uo b an SP,0.12245 0.13424 0.26485 0.05714 0.47801 0.10967 0.66403 0.06258 1.7161 0.04066,2 2 2 2 1 1,rest B4-9 C5-12 B4-9 C5-11 rest,0.257 0.322 0.588 0.727 1.716 0.041,0 0 0 0 0 0
CODEY_VoxPlus_2_00,SP sh u zh e j ie p ai y i er s an s i0 y i b ian y i b ian q v l ian x i AP,0.29708 0.13713 0.26783 0.05079 0.19864 0.14876 0.29478 0.04963 0.21522 0.03663 0.26995 0.24399 0.1351 0.37465 0.13243 0.27846 0.03809 0.29479 0.06258 0.32018 0.01905 0.32653 0.03447 0.13605 0.09343 0.27206 0.03995 0.26032 0.17506 0.64404 0.55501,2 2 2 2 2 1 2 2 2 2 2 2 2 2 2 1 1,rest B3-3 D#4+41 G#4+17 G4+9 G4+48 F#4-13 F#4-5 D#4+47 D#4-17 E4+2 F#4+14 F#4+1 F#4+2 D#4-10 G#4-8 rest,0.434 0.319 0.347 0.344 0.252 0.270 0.379 0.507 0.317 0.357 0.339 0.361 0.229 0.312 0.435 0.644 0.555,0 0 0 0 0 0 0 0 0 0 0 0 0 0 0 0 0
CODEY_VoxPlus_2_01,b ei k ao zh e b ei ch ang y i sh ou x in x ve h ui d e g e q v AP SP,0.04717 0.28662 0.078 0.1288 0.0644 0.25034 0.08163 0.20953 0.09795 0.43901 0.03991 0.22494 0.10975 0.23583 0.11406 0.25419 0.08889 0.30023 0.04353 0.16055 0.0136 0.1796 0.17742 0.1609 0.2068 0.5161 0.34467 0.07599,1 2 2 2 2 2 2 2 2 2 2 2 2 1 1 1,rest A4-6 G#4-3 G#4-11 F#4-12 F#4-9 E4-4 D#4+35 E4-10 F#4-7 F#4+2 F#4-6 A#4+36 G4+48 rest rest,0.047 0.365 0.193 0.332 0.307 0.479 0.335 0.350 0.343 0.344 0.174 0.357 0.368 0.516 0.345 0.076,0 0 0 0 0 0 0 0 0 0 0 0 0 0 0 0
CODEY_VoxPlus_2_02,b u x iao x in b ei f en s an zh u y i AP w uo r eng n eng zh ui g an sh ang q v AP n a sh ir SP,0.01537 0.24858 0.07165 0.18957 0.07094 0.17668 0.03719 0.28662 0.08932 0.11748 0.08889 0.29025 0.04932 0.26995 0.06053 0.59163 0.39093 0.03719 0.30294 0.05624 0.29025 0.06431 0.15882 0.04898 0.27483 0.06168 0.12517 0.04424 0.15167 0.08093 0.75989 0.24399 0.04676 0.24803 0.14103 0.31157 0.63157,1 2 2 2 2 2 2 2 1 2 2 2 2 2 2 2 1 2 2 1 1,rest G#4+6 A4+13 B4+17 B4+4 A4-33 A4-12 G#4+8 G#4-4 A4-12 rest D#4+50 A4-9 G#4+34 G#4+1 F#4+12 F#4+5 F#4+2 E4-18 rest E4-41 C#4-10 rest,0.015 0.320 0.261 0.214 0.376 0.206 0.340 0.330 0.168 0.424 0.428 0.359 0.355 0.208 0.337 0.169 0.233 0.158 0.602 0.291 0.389 0.312 0.632,0 0 0 0 0 0 0 0 0 1 0 0 0 0 0 0 0 0 1 0 0 0 0
CODEY_VoxPlus_2_03,z ai l ai h e w uo j iao h uan x iao y i AP SP,0.10975 0.30748 0.03818 0.1133 0.09342 0.43538 0.05747 0.11214 0.0907 0.31474 0.06262 0.14328 0.07211 0.15646 0.04709 1.3071 0.66486 0.17145,1 2 2 2 2 2 2 2 1 1 1,rest C#4+11 E4-33 A4-1 G#4+1 F4+38 E4+10 E4-2 D#4+13 E4+2 rest rest,0.110 0.346 0.207 0.493 0.203 0.182 0.195 0.215 0.204 1.307 0.665 0.171,0 0 0 0 0 0 1 0 0 0 0 0
CODEY_VoxPlus_2_04,SP j i d e AP g ei w uo z ui g ao f en b ei d e h ui y ing SP,0.24774 0.10147 0.2839 0.06349 0.32744 0.2839 0.07074 0.31384 0.03708 0.10713 0.10068 0.3093 0.03719 0.14513 0.06893 0.1678 0.0211 0.20112 0.1542 0.12789 0.09886 0.19229 0.03175 1.71519 0.19034,2 2 1 2 2 2 2 2 2 2 2 2 1 1,rest E4+3 C4+35 rest C#4+9 E4+37 A4-3 A4-5 G#4-13 F#4+1 E4+4 D#4+8 E4+4 rest,0.349 0.347 0.327 0.355 0.351 0.208 0.346 0.214 0.189 0.355 0.227 0.224 1.715 0.190,0 0 0 0 0 0 0 0 0 0 0 0 0 0
CODEY_VoxPlus_3_fix_00,SP w u r en d ai z ou AP sh u y ie b uo l uo d e sh ir j i SP,0.35737 0.01832 0.33361 0.05221 0.72511 0.05352 0.3356 0.10612 0.97662 0.75855 0.13966 0.34739 0.08436 0.26757 0.12426 0.30567 0.05684 0.33137 0.03447 1.01496 0.18594 0.27755 0.14604 0.59047 0.0639,2 2 2 2 1 2 2 2 2 2 2 2 1 1,rest A3+41 A4+4 F#4+3 E4+33 rest E4+13 E4+14 C#4+43 F4-37 D#4+38 E4+39 F#4+9 rest,0.376 0.386 0.779 0.442 0.977 0.898 0.432 0.392 0.363 0.366 1.201 0.424 0.590 0.064,0 0 0 0 0 0 0 0 0 0 0 0 0 0
CODEY_VoxPlus_3_fix_01,SP AP y i l uo z ai w uo w ui k ai d e ch ou t i SP,0.26576 0.52009 0.07299 0.35839 0.0414 0.26699 0.12767 0.2288 0.05952 0.58543 0.0843 0.15812 0.1495 0.23478 0.06761 0.09269 0.19609 0.14973 0.14966 1.31853 0.57567,1 2 2 2 2 2 2 2 2 2 1 1,rest rest C4-35 D4+47 F#4-1 E4+13 E4+18 E4+45 D4+40 F4-48 F#4+2 rest,0.266 0.593 0.400 0.395 0.288 0.670 0.308 0.302 0.289 0.299 1.319 0.576,0 0 0 0 0 0 0 0 0 0 0 0
CODEY_VoxPlus_3_fix_02,SP eng f eng m ian j i d ao h ua h en s uo zh u l e w uo d e y ian j ing AP SP,0.10101 0.38334 0.16508 0.27574 0.10232 0.29587 0.06802 0.1542 0.05533 0.42086 0.10431 0.33197 0.08925 0.27628 0.1551 0.2966 0.1025 0.30042 0.08795 0.15444 0.10885 0.27623 0.04743 0.14798 0.1026 0.21355 0.10123 0.99302 1.03364 0.46545,1 2 2 2 2 2 2 2 2 2 2 2 2 2 1 1 1,rest F#4-1 F#4+2 F#4+1 F#4+39 G4+4 F#4+11 E4-1 C#4+16 E4+34 D4+2 E4+3 D4+9 E4+32 F#4+35 rest rest,0.101 0.548 0.378 0.364 0.210 0.525 0.421 0.431 0.399 0.388 0.263 0.324 0.251 0.315 0.993 1.034 0.465,0 0 0 0 0 0 0 0 0 0 0 0 0 0 0 0 0
CODEY_VoxPlus_3_fix_03,SP k uo s an d e m uo d ian AP y0 vn r an z ai AP k ong b ai ch u d e m ei j i SP,0.4835 0.17047 0.28027 0.14422 0.41179 0.01633 0.10343 0.16233 0.33182 0.10741 0.54098 0.40012 0.05524 0.38755 0.05261 0.3737 0.08045 0.45265 0.66327 0.07999 0.36445 0.00726 0.14875 0.15206 0.34862 0.04803 0.07199 0.18325 0.28177 0.13696 1.4189 0.27364,2 2 2 2 2 1 2 2 2 1 2 2 2 2 2 2 1 1,rest F#4-49 C#4+14 B3-13 B3+37 F#4+42 D4-36 rest E4-5 D4-11 F4-3 rest E4-8 E4+1 E4-7 D4-35 E4-11 E4-11 D4-9 rest,0.654 0.424 0.202 0.227 0.266 0.439 0.541 0.455 0.440 0.454 0.453 0.743 0.372 0.301 0.397 0.255 0.419 0.419 1.000 0.274,0 0 0 1 0 0 0 0 0 0 0 0 0 0 0 0 0 0 1 0
CODEY_VoxPlus_3_fix_04,SP x ie z ai y ie j iao k ong x i AP l iao l uan j ian d an d e SP,1.02817 0.14734 0.06621 0.17143 0.2739 0.10456 0.30091 0.12426 0.25034 0.11882 0.14875 0.14059 0.76282 0.56025 0.07194 0.14565 0.08549 0.18882 0.06712 0.21224 0.01537 0.60414 0.02811 0.46894 0.17884,2 2 2 2 2 2 1 2 2 2 2 2 1 1,rest D4+1 D5-12 B4+34 A4+14 A4-46 G4-42 rest F#4+38 F#4+44 E4+43 G4-46 E4+36 E4+40 rest,1.176 0.238 0.378 0.425 0.369 0.289 0.763 0.632 0.231 0.256 0.228 0.375 0.257 0.469 0.179,0 0 0 0 0 0 0 0 0 0 0 0 1 0 0
CODEY_VoxPlus_3_fix_05,SP p eng d ian sh a d eng SP y ian sh ang q ing sh ir q iao zh e SP,0.36296 0.12684 0.25669 0.01351 0.21506 0.10923 0.27898 0.05079 0.40682 0.7755 0.05753 0.26945 0.12361 0.28274 0.10036 0.24068 0.11436 0.08609 0.06893 0.12971 0.10248 0.14695 0.27998,2 2 2 2 1 2 2 2 2 2 2 1 1,rest D4+34 D#4-48 E4-2 F#4+1 rest F4+48 B4-48 G#4+48 F#4+37 E4+35 D#4-33 rest,0.490 0.270 0.324 0.330 0.407 0.833 0.393 0.383 0.355 0.155 0.232 0.147 0.280,0 0 0 0 0 0 0 0 0 0 0 0 0
CODEY_VoxPlus_3_fix_06,SP AP n an n an x i y0 v sh ir g ui l ai y ian z i0 t a b u d eng r en SP,0.36916 0.99765 0.08886 0.2568 0.10485 0.25706 0.13686 0.27838 0.05006 0.23039 0.16326 0.49252 0.07416 0.31858 0.04173 0.24025 0.15404 0.27147 0.11065 0.09071 0.05714 0.14331 0.05896 0.23492 0.11519 0.32109 0.05082 0.75115 0.18018,1 2 2 2 2 2 2 2 2 2 2 2 2 2 1 1,rest rest G#3+2 D4-2 D4+9 E4+6 E4+32 F#4-13 F#4-9 B4+48 A4-9 F#4-45 E4+45 D4+48 F4-48 D4+42 rest,0.369 1.087 0.362 0.394 0.328 0.394 0.157 0.410 0.360 0.394 0.382 0.148 0.202 0.350 0.372 0.751 0.180,0 0 0 0 0 0 0 1 0 0 0 0 0 0 0 0 0
CODEY_VoxPlus_3_fix_07,SP w u zh ir f ang k ou j iang s uo y i w ueng zh eng x i q iao x ia sh eng SP,0.47171 0.02838 0.27633 0.12426 0.31111 0.09977 0.27211 0.09433 0.22404 0.10794 0.43991 0.16644 0.2578 0.08406 0.34793 0.03628 0.29842 0.09796 0.11247 0.08975 0.07805 0.12698 0.21043 0.14422 0.20227 0.16608 0.85192 0.19456,2 2 2 2 2 2 2 2 2 2 2 2 2 1 1,rest A3-3 D4+47 D4+37 E4+10 F#4+1 F#4-9 B4+6 A4-9 F#4-36 E4+43 D4+16 E4+11 F#4+9 rest,0.500 0.401 0.411 0.366 0.332 0.606 0.342 0.384 0.396 0.202 0.205 0.355 0.368 0.852 0.195,0 0 0 0 0 0 0 0 0 0 0 0 0 0 0
CODEY_VoxPlus_3_fix_08,ch un y0 v q ing l ian q v AP x iu h ua x ie l uo q i s uo n a sh eng AP SP,0.16417 0.31837 0.04354 0.27936 0.15601 0.24725 0.09658 0.23304 0.13553 0.39418 0.33012 0.15423 0.25578 0.09849 0.29426 0.13152 0.34305 0.05423 0.13968 0.14512 0.08708 0.15187 0.23452 0.0794 0.29611 0.17858 0.59593 0.46359 0.3273,1 2 2 2 2 1 2 2 2 2 2 2 2 2 1 1 1,rest A3-7 D4+6 D#4-46 E4+0 F#4+1 rest F#4-4 B4-11 A4-8 F#4+13 D#4+44 D4+15 E4-8 D4+38 rest rest,0.164 0.362 0.435 0.344 0.369 0.394 0.484 0.354 0.426 0.397 0.285 0.239 0.314 0.475 0.596 0.464 0.327,0 0 0 0 0 0 0 0 0 0 0 0 0 0 0 0 0
CODEY_VoxPlus_3_fix_09,b ao zh u r an SP an d an y0 ve w uan w uan SP,0.11016 0.32794 0.08607 0.26495 0.04081 0.65488 0.34195 0.32834 0.04431 0.65287 0.13259 0.25541 0.07983 0.20955 0.14489 1.12636 0.66782,1 2 2 1 1 2 2 2 2 1 1,rest F4+49 A4-46 A4-39 B4-42 rest A#4+35 G#4+36 A#4+10 G#4+40 F#4-48 E4-36 E4-36 F#4-36 rest,0.110 0.414 0.306 0.290 0.365 0.342 0.373 0.421 0.120 0.245 0.335 0.354 0.265 0.861 0.668,0 0 0 0 1 0 0 0 1 1 0 0 0 1 0
CODEY_VoxPlus_3_fix_10,SP AP l uo g u zh uan AP t a x ing l u ch ang ch ang SP,0.19955 0.49016 0.06403 0.32018 0.0898 0.2195 0.11769 0.66596 0.24387 0.13076 0.2848 0.12665 0.67756 0.10778 0.20003 0.13424 0.23129 0.12427 1.39592 0.13065,1 2 2 2 1 2 2 2 2 2 1 1,rest rest F#4-39 A4+9 A4+2 B4-1 rest A#4+42 A4-44 B4-2 A4-16 F#4-49 D#4+49 D#4+47 F#4-43 rest,0.200 0.554 0.410 0.337 0.329 0.337 0.375 0.411 0.407 0.120 0.258 0.334 0.356 0.322 1.074 0.131,0 0 0 0 0 1 0 0 0 1 1 0 0 0 1 0
CODEY_VoxPlus_3_fix_11,SP zh u h uo h uang b an b uo er sh ir l eng p ang sh ui j ia b ai q iang AP SP,0.65482 0.14246 0.26667 0.12879 0.28209 0.10431 0.59773 0.19509 0.3582 0.06397 0.36982 0.19206 0.18618 0.25417 0.06759 0.32174 0.1354 0.31927 0.17038 0.45094 0.10249 0.22676 0.08142 0.22606 0.16871 0.49004 1.00112 0.10199,2 2 2 2 2 1 2 2 2 2 2 2 2 1 1 1,rest A4-48 F#4-39 E4-7 E4-16 D4-40 E4-11 F#4+8 A4+12 C#4-32 C#4-49 D4+6 E4+42 D#4-49 F#4+8 rest rest,0.797 0.395 0.386 0.793 0.422 0.370 0.378 0.322 0.457 0.490 0.169 0.384 0.308 0.395 0.490 1.001 0.102,0 0 0 0 0 0 0 0 0 0 0 1 0 0 0 0 0
CODEY_VoxPlus_3_fix_12,n ian w uang x i w uo j i x van m an zh uan n i f u q in d i y in AP,0.13424 0.31892 0.11587 0.25365 0.15669 1.06733 0.10591 0.30998 0.10158 0.29388 0.15601 0.26884 0.1002 0.32756 0.08344 0.29909 0.11 0.29296 0.13805 0.2039 0.1228 0.27447 0.01724 0.35374 0.10159 0.62494 0.57712,1 2 2 2 2 2 2 2 2 2 2 2 2 1 1,rest C#4-5 E4+6 F#4-13 G#4-2 F#4-8 E4-7 C#4+3 B3+11 C#4+12 E4+40 F#4+49 G#4+50 B3+5 rest,0.134 0.435 0.410 1.173 0.412 0.450 0.369 0.411 0.409 0.431 0.327 0.292 0.455 0.625 0.577,0 0 0 0 0 0 0 0 0 0 0 0 0 0 0
CODEY_VoxPlus_3_fix_13,d ao r u j in AP ch ong ch ang c i0 q v q ve y i w u n i AP SP,0.09705 0.32744 0.06474 0.33435 0.13606 0.89903 0.34995 0.1034 0.26666 0.0723 0.22884 0.11536 0.27829 0.1336 0.31901 0.15963 0.31021 0.08713 0.36729 0.05624 0.30476 0.03084 1.22811 0.83991 0.2298,1 2 2 1 2 2 2 2 2 2 2 2 1 1 1,rest C#4-13 G4-42 G#4+42 F#4+9 rest G#4+10 F#4+0 F#4+34 G#4+36 G#4-9 F#4+2 E4-4 E4+7 F#4+9 B4+9 G#4-8 G#4-6 rest rest,0.097 0.392 0.141 0.330 0.899 0.453 0.339 0.344 0.135 0.277 0.193 0.286 0.397 0.217 0.207 0.173 0.162 1.228 0.840 0.230,0 0 0 1 0 0 0 0 0 1 0 1 0 0 1 0 1 0 0 0
CODEY_VoxPlus_4_fix_10,b a n i p eng z ai sh ou sh ang q ian ch eng d e f en x iang SP,0.09602 0.15613 0.03901 0.15056 0.09071 0.20317 0.0263 0.14694 0.1534 0.32552 0.12879 0.67252 0.19805 0.13896 0.07437 0.16871 0.02151 0.39572 0.13903 0.2002 0.13712 0.60176 0.52155,1 2 2 2 2 2 2 2 2 2 2 1 1,rest G#3+36 B3-47 C4-35 D#4-45 C#4-5 B3-35 C#4+41 G#3-2 B3-40 B3+5 A#3+6 F#3+42 rest,0.096 0.195 0.241 0.229 0.300 0.188 0.267 0.871 0.213 0.190 0.535 0.337 0.602 0.522,0 0 0 0 0 0 1 0 0 0 0 0 0 0
CODEY_VoxPlus_4_fix_11,SP q ing sh ir j ie q ian SP w u y ian x ia SP,0.36601 0.13286 0.33288 0.11791 0.29116 0.09886 0.36372 0.13152 0.53733 0.32095 0.06961 0.322 0.06388 0.30256 0.13877 0.37365 0.20431,2 2 2 2 1 2 2 2 1 1,rest D#4+35 F4+48 G#4+40 F4+38 rest D#4+39 F4+47 G#4+45 rest,0.499 0.451 0.390 0.495 0.537 0.391 0.386 0.441 0.374 0.204,0 0 0 0 0 0 0 0 0 0
CODEY_VoxPlus_4_fix_12,zh ir ch ir zh ir j ian h un r ao m eng q ian SP,0.15365 0.33161 0.11987 0.35541 0.08708 0.35646 0.06621 0.34649 0.13152 0.36644 0.03427 0.29045 0.1003 0.3387 0.12904 0.28003 0.08247,1 2 2 2 2 2 2 2 1 1,rest G#3+7 A#3+48 C#4-3 D#4-39 D#4-14 F4+11 G#4+6 F4+8 rest,0.154 0.451 0.442 0.423 0.478 0.401 0.391 0.468 0.280 0.082,0 0 0 0 0 0 0 0 0 0
CODEY_VoxPlus_4_fix_13,SP AP r e x iang s i0 sh ir l e y ian SP,0.30748 0.56611 0.14591 0.22404 0.16236 0.26938 0.1408 0.20841 0.16393 0.27981 0.05785 0.37905 0.09022 0.34524 0.63215,1 2 2 2 2 2 2 1 1,rest rest D#4+50 F4+7 G#4+6 A4-39 A#4+40 G#4+35 A#4-7 G#4+8 F4+37 rest,0.307 0.712 0.386 0.410 0.372 0.142 0.196 0.114 0.110 0.245 0.345 0.632,0 0 0 0 0 0 1 0 1 1 0 0
CODEY_VoxPlus_4_fix_14,SP l un h ui d e j ie SP,0.41619 0.05093 0.35011 0.11973 0.37551 0.05044 0.2906 0.15102 1.06078 0.25206,2 2 2 2 1 1,rest D#4-3 F4+35 G#4+39 G#4+42 A#4+14 rest,0.467 0.470 0.426 0.442 0.285 0.775 0.252,0 0 0 0 0 1 0
CODEY_VoxPlus_4_fix_15,t ian d u q ing ch ang w ui s u sh ir t ai w u ch ang SP,0.22857 0.39365 0.05023 0.31349 0.17506 0.31292 0.07075 0.72818 0.07904 0.2794 0.17143 0.21315 0.19338 0.30186 0.15057 0.33741 0.0644 0.322 0.1161 0.75011 0.1683,1 2 2 2 2 2 2 2 2 2 1 1,rest A#3+47 C4+7 D#4+12 C4+35 B3-48 C4+41 C#4-49 D#4+38 C4+2 A#3+45 C4+12 A#3+48 G3+16 G3+40 rest,0.229 0.444 0.489 0.384 0.807 0.451 0.407 0.131 0.322 0.402 0.087 0.110 0.242 0.088 0.662 0.168,0 0 0 0 0 0 0 0 1 0 0 1 1 0 1 0
CODEY_VoxPlus_4_fix_16,AP y i h en x iang s i0 SP,0.59483 0.07811 0.33023 0.10287 0.27264 0.15952 0.27132 0.18111 0.40756 0.18181,2 2 2 2 1 1,rest B3+6 C#4-4 D#4+40 C#4-42 rest,0.673 0.433 0.432 0.452 0.408 0.182,0 0 0 0 0 0
CODEY_VoxPlus_4_fix_17,SP q v zh ong r en s an SP,0.26223 0.1362 0.35622 0.08507 0.28046 0.11157 0.28571 0.18182 0.5946 0.13283,2 2 2 2 1 1,rest E4-49 F#4-36 B4+12 C5+46 rest,0.398 0.441 0.392 0.468 0.595 0.133,0 0 0 0 0 0
CODEY_VoxPlus_4_fix_18,SP g u y ing z uo b an SP,0.55301 0.12525 0.35485 0.06284 0.34804 0.10512 0.34205 0.09251 0.89796 0.14837,2 2 2 2 1 1,rest D#4+49 F4+38 C5+50 A#4+34 rest,0.678 0.418 0.453 0.435 0.898 0.148,0 0 0 0 0 0
CODEY_VoxPlus_4_fix_19,SP d an w uo m en z ai g e z i0 d e l u sh ang SP ch ao zh e x iang SP,0.52905 0.01426 0.21678 0.06349 0.58504 0.10521 0.19773 0.12336 0.4907 0.04708 0.16698 0.10885 0.16706 0.1123 0.17415 0.09585 0.41753 0.17687 0.28884 1.36576 0.1395 0.24309 0.08526 0.23945 0.10341 0.50101 0.42366,2 2 2 2 2 2 2 2 2 1 2 2 2 1 1,rest A3+10 F#4+35 F4-44 F#4+47 G4-17 F4-8 G4-49 A4+33 A4+12 rest E4+15 F#4+35 A4+14 rest,0.543 0.280 0.690 0.321 0.538 0.276 0.279 0.270 0.594 0.289 1.505 0.328 0.343 0.501 0.424,0 0 0 0 0 0 0 0 0 0 0 0 0 0 0
CODEY_VoxPlus_5_fix_00,y i g e sh ir l ang y0 van x ian p a AP,0.05809 0.38001 0.08986 0.83621 0.16116 0.35676 0.0846 0.44782 0.0469 0.34947 0.1747 0.90286 0.16235 2.48164 0.48757,1 2 2 2 2 2 2 1 1,rest A#4-16 B4+36 C#5+13 B4-5 A#4-17 B4+15 F#4+38 A4+4 B4+38 A4+38 B4+4 F#4+11 rest,0.058 0.172 0.298 0.997 0.441 0.203 0.291 0.524 0.514 0.551 0.219 0.430 1.832 0.488,0 0 1 0 0 0 1 0 0 1 0 1 1 0
CODEY_VoxPlus_5_fix_01,SP y i g e sh ir l ang y0 van x ian p a SP,0.44039 0.05576 0.41541 0.09615 0.87166 0.1678 0.39763 0.10811 0.4421 0.07084 0.3981 0.20901 1.07715 0.16871 2.09796 0.3761,2 2 2 2 2 2 2 1 1,rest C5-13 D5-14 C5-9 C5-35 G4-14 A#4-9 C5-9 C5-20 rest,0.496 0.512 1.039 0.506 0.513 0.607 0.597 0.649 2.098 0.376,0 0 0 0 0 0 0 1 0 0
CODEY_VoxPlus_5_fix_02,y i g e sh ir m ei y0 v w u x ia SP,0.09622 0.37634 0.08889 0.88254 0.20227 0.34467 0.09524 0.43719 0.08344 0.42993 0.07162 0.88077 0.20577 1.87227 0.19284,1 2 2 2 2 2 2 1 1,rest F#4-46 G4+14 F4+3 F4-4 C4+7 D#4+34 F4+3 D#4-21 F4+3 C4+8 rest,0.096 0.465 1.085 0.440 0.521 0.502 0.492 0.595 0.265 0.370 1.237 0.193,0 0 0 0 0 0 0 1 0 1 1 0
CODEY_VoxPlus_5_fix_03,SP r uo sh uo m ei q i y0 van AP SP,0.2405 0.09238 0.27483 0.18413 1.48934 0.10168 1.25896 0.20623 0.39808 0.03868 1.88826 0.85732 0.29727,2 2 2 2 2 1 1 1,rest E4-47 F4+46 G#4-45 F4+45 G4+34 C4+34 G4+6 G4+10 F4+1 rest rest,0.333 0.459 1.088 0.503 0.207 0.310 0.948 0.437 0.285 1.603 0.857 0.297,0 0 0 1 0 1 1 0 0 1 0 0
CODEY_VoxPlus_5_fix_04,SP j in sh eng p ian y iu y0 v zh uo t a SP,0.34436 0.13727 0.40182 0.16356 0.43326 0.12348 1.39097 0.1097 0.38194 0.07192 1.64353 0.1086 0.48642 0.19789 1.83113 0.20281,2 2 2 2 2 2 2 1 1,rest G4+33 A#4+4 C5+7 D5+5 C5-2 D5-4 C5-4 D5+7 A#4-44 G4+47 A#4-7 rest,0.482 0.565 0.557 1.501 0.454 0.642 0.460 0.330 0.320 0.290 0.395 1.831 0.203,0 0 0 0 0 0 1 1 1 0 1 0 0
CODEY_VoxPlus_5_fix_05,SP AP r uo sh uo SP w uo y iu q i y0 van SP,0.47982 0.85079 0.05533 0.71202 0.24595 0.91406 0.62502 0.05443 0.46984 0.09235 0.80923 0.2344 0.98136 0.08855 2.3991 0.40521,1 2 2 1 2 2 2 2 1 1,rest rest F#4+45 A#3+38 C4+3 rest D#4+5 C#4-39 G4+38 F4+42 G4+39 C4+6 D#4+5 rest,0.480 0.906 0.474 0.484 0.914 0.679 0.562 0.480 0.563 0.297 0.773 0.297 2.102 0.405,0 0 0 1 0 0 0 0 1 0 1 0 1 0
CODEY_VoxPlus_5_fix_06,AP r u h e SP e x in sh ir AP zh ong SP,0.83206 0.07225 0.32199 0.18867 0.59139 0.30747 0.37823 0.20953 0.91519 0.18851 0.58337 0.53985 0.17036 1.02492 0.5246,2 2 1 1 2 2 1 2 1 1,rest D#4-50 D#4-42 rest C#4-48 F4+34 G4+11 F4+38 rest D#4-42 B4-44 rest,0.904 0.511 0.591 0.307 0.588 0.698 0.405 0.583 0.710 0.551 0.474 0.525,0 0 0 0 0 0 1 0 0 0 1 0
CODEY_VoxPlus_5_fix_07,zh ong SP ong x v AP h ua SP,0.2449 1.09843 0.57232 0.46349 0.23038 2.82631 0.68978 0.15907 2.62326 0.18208,1 1 1 2 1 2 1 1,rest D4+45 B4-42 rest G4-5 F4-7 D4+49 F#4+0 G#4-47 F4+14 A#3-5 rest D#4-37 C4+4 rest,0.245 0.515 0.583 0.572 0.254 0.440 0.600 0.210 0.370 0.370 1.276 0.849 0.435 2.188 0.182,0 0 1 0 0 1 0 1 1 1 1 0 0 1 0
CODEY_VoxPlus_5_fix_08,SP a SP a AP a SP,0.46168 2.08308 0.4956 4.34195 0.6712 3.11112 0.32537,1 1 1 1 1 1 1,rest D#5-17 C5+10 rest D#5-10 F5+15 D#5+35 F5+5 D#5+14 F5-11 D#5+7 F5+9 C5+2 rest D#5-2 C5+45 rest,0.462 0.688 1.395 0.496 0.530 0.890 0.280 0.320 0.660 0.560 0.380 0.340 0.382 0.671 0.476 2.635 0.325,0 0 1 0 0 1 1 1 1 1 1 1 1 0 0 1 0
CODEY_VoxPlus_5_fix_09,AP y i g e AP y i g e w uang z i0 j ie y ia SP,0.70381 0.05991 0.34648 0.07415 0.40904 0.33218 0.05901 0.37007 0.03892 0.96947 0.11572 0.40423 0.09299 0.27527 0.10768 0.82343 0.09397 1.53334 0.14033,2 2 1 2 2 2 2 2 2 1 1,rest C5+42 D5+34 rest B4-40 C5+39 A#4+45 A#4+13 F#4-44 A4-41 A#4+15 G#4+3 A#4+39 F4+13 rest,0.764 0.421 0.409 0.391 0.409 0.726 0.359 0.497 0.383 0.461 0.456 0.194 0.330 1.010 0.140,0 0 0 0 0 0 1 0 0 0 1 0 1 1 0
CODEY_VoxPlus_5_fix_10,AP y i g e k ong l ao q ian g ua SP,0.36672 0.05673 0.39741 0.09796 1.26984 0.20784 0.35109 0.06718 0.35439 0.19839 0.78937 0.06176 2.03511 0.17621,2 2 2 2 2 2 1 1,rest D#4+5 F4+4 D#4-5 D#4-8 A#3-39 C#4-2 D#4-2 C#4-9 D#4+3 A#3+49 rest,0.423 0.495 0.961 0.517 0.418 0.553 0.392 0.459 0.241 0.330 1.464 0.176,0 0 0 1 0 0 0 1 0 1 1 0
CODEY_VoxPlus_5_fix_11,AP y i g e sh ir sh ui zh ong y0 ve AP,0.81932 0.05596 0.36282 0.10068 0.68874 0.24912 0.28209 0.20862 1.04852 0.1939 0.40772 0.09319 1.78138 0.60794,2 2 2 2 2 2 1 1,rest C#4-44 D#4-8 F4+6 D#4-8 F4+3 B3-43 A#3+42 rest F4+41 D#4+41 D#4+2 rest,0.875 0.464 0.938 0.491 0.183 0.260 0.210 0.390 0.200 0.210 0.291 1.781 0.608,0 0 0 0 0 1 1 1 1 0 1 0 0
CODEY_VoxPlus_5_fix_12,SP y i g e sh ir j ing zh ong h ua AP,0.2155 0.05661 0.80998 0.06099 1.16531 0.17239 0.38634 0.13333 1.52019 0.07346 0.48073 0.09161 1.85669 0.52741,2 2 2 2 2 2 1 1,rest F#4-37 A4+5 B4-48 C5+49 A#4+42 C5+46 A#4+44 C#5-43 A4-49 F#4+13 G#4+48 rest,0.272 0.448 0.423 1.338 0.520 0.550 0.430 0.350 0.264 0.276 0.296 1.857 0.527,0 0 1 0 0 0 1 1 1 0 1 0 0
CODEY_VoxPlus_5_fix_13,x iang y ian zh ong n eng y iu SP,0.16054 0.42744 0.07725 0.44044 0.09887 2.45767 0.09348 1.06789 0.20408 1.63084 0.35978,1 2 2 2 2 1 1,rest A4-41 B4-34 C#5+37 C#5-48 D5-47 C#5-44 B4-48 A#4+15 rest,0.161 0.505 0.539 2.551 0.484 0.260 0.230 0.298 1.631 0.360,0 0 0 0 0 1 1 1 0 0
CODEY_VoxPlus_5_fix_14,SP d uo sh ao SP ao l ei zh u AP er AP,0.55166 0.04517 0.31292 0.23108 0.52333 0.32133 0.46077 0.04371 0.93407 0.10612 0.94875 0.48889 1.90967 0.87772,2 2 1 1 2 2 1 1 1 1,rest B4-2 D4-1 rest F#4-14 E4-12 B3-44 C#4+38 C4+11 rest A3+41 B3-12 G#3+49 rest,0.597 0.544 0.523 0.321 0.504 0.420 0.300 0.320 0.949 0.489 0.222 0.250 1.437 0.878,0 0 0 0 0 0 1 1 0 0 0 1 1 0
CODEY_VoxPlus_5_fix_15,z en j ing d e AP q iu l iu d ao d ong j in AP SP,0.11973 0.39637 0.09887 0.44263 0.04768 1.60728 0.45156 0.20694 1.15158 0.07872 0.22676 0.06893 0.20771 0.06077 2.09433 0.13005 0.58923 0.98685 0.21576,1 2 2 1 2 2 2 2 2 1 1 1,rest A3-46 B3-13 C#4+40 A#3-12 rest F4+40 E4-36 E4-48 F4+9 D#4+37 F4+47 rest rest,0.120 0.495 0.490 1.345 0.263 0.659 0.979 0.251 0.296 0.268 2.224 0.589 0.987 0.216,0 0 0 0 1 0 0 1 0 0 0 0 0 0
CODEY_VoxPlus_5_fix_16,ch un SP un l iu d ao SP x ia SP,0.20408 1.31599 0.37109 0.58866 0.06767 0.97632 0.12807 1.06776 0.75564 0.20664 2.53033 0.16775,1 1 1 2 2 1 2 1 1,rest C4+15 A4-41 rest F4+8 D#4+5 C4+40 F4+49 E4-35 F4+14 rest C#4+13 A#3+32 rest,0.204 0.566 0.750 0.371 0.289 0.367 0.533 0.572 0.318 0.750 0.962 0.398 2.132 0.168,0 0 1 0 0 1 0 1 0 1 0 0 1 0
Vox_20251119_dahaidaibuzou_000,AP zh e p ian h ai ch en f u zh e y iu y0 v p ao m uo AP x v x ia d e y0 van w uang b ei sh a l i b ao g uo AP,0.14562 0.11312 0.07958 0.13606 0.30113 0.08825 0.11855 0.12159 0.25211 0.12517 0.2382 0.12224 0.26722 0.07257 0.37097 0.039 0.25034 0.14059 0.26352 0.16128 0.76754 0.49866 0.14483 0.09977 0.10341 0.29387 0.03503 0.15001 0.0347 0.27754 0.10277 0.33419 0.02316 0.24442 0.17868 0.31202 0.04514 0.31132 0.04173 0.35555 0.08073 1.1382 0.37685,2 2 2 2 2 2 2 2 2 2 1 2 2 2 2 2 2 2 2 2 2 1 1,rest A3+12 C4-47 A#3-48 C4-43 B3+37 A#3-44 B3+18 A#3-35 E4+38 F4-49 rest D4-14 D4+2 D4-35 D4+7 D4+12 C#4+16 D4+36 C#4+36 F4-40 D4+43 C#4+14 B3+45 rest,0.259 0.216 0.389 0.240 0.377 0.360 0.340 0.410 0.391 0.425 0.768 0.643 0.203 0.329 0.185 0.380 0.357 0.423 0.357 0.353 0.436 0.388 0.390 0.360 0.377,0 0 0 0 0 0 0 0 0 0 0 0 0 0 0 0 0 0 0 0 0 0 1 1 0
Vox_20251119_dahaidaibuzou_001,z ong y iu g u d an d e r en t a l ang x ing z ou AP q ing t u zh e f an y iu SP,0.08519 0.1842 0.02902 0.33288 0.09524 0.16417 0.04263 0.33865 0.0325 0.32092 0.05203 0.34162 0.09694 0.33208 0.02812 0.28844 0.13242 0.3483 0.06801 0.63766 0.44983 0.13974 0.46984 0.11157 0.51065 0.06077 0.43991 0.16055 0.37279 0.25209 2.20868 0.05954,1 2 2 2 2 2 2 2 2 2 1 2 2 2 2 2 1 1,rest A3+9 B3+42 A3+41 B3+49 B3+50 A#3-40 C4-43 A3+44 F4-39 F4-15 rest D4+13 C4-5 C#4+36 A3+42 A3+47 A#3-33 C4-44 A#3-48 A#3-15 rest,0.085 0.213 0.428 0.207 0.371 0.373 0.439 0.360 0.421 0.416 0.638 0.590 0.581 0.128 0.230 0.213 0.600 0.166 0.240 0.219 2.209 0.060,0 0 0 0 0 0 0 0 0 0 0 0 0 0 1 1 0 0 1 1 0 0
Vox_20251119_dahaidaibuzou_002,AP j i m uo sh ir w u f a l i an d e f u y iu AP s ui r ir sh eng r ir l uo z ai t an t u zh ir l iu SP,0.4387 0.13908 0.11428 0.06168 0.28481 0.14694 0.14694 0.06365 0.25562 0.15329 0.35374 0.03878 0.39115 0.37642 0.03157 0.26684 0.14422 0.31655 0.08436 0.94421 0.40635 0.12833 0.14741 0.0563 0.28293 0.11701 0.16417 0.05622 0.28076 0.08908 0.26963 0.1156 0.30708 0.09342 0.34286 0.0644 0.31111 0.07659 0.31706 0.04081 1.21452 0.02526,2 2 2 2 2 2 1 2 2 2 1 2 2 2 2 2 2 2 2 2 2 1 1,rest A#3-46 B3+2 A#3-45 B3+4 B3+5 A3+46 B3+2 A3+40 E4+8 E4+46 rest C#4+35 D4+34 D4-34 D4+15 D4+8 C#4+37 D4+9 C#4+13 E4+47 D4+10 C#4-4 B3+7 rest,0.578 0.176 0.432 0.211 0.409 0.393 0.391 0.408 0.411 0.401 0.944 0.535 0.204 0.400 0.220 0.370 0.385 0.401 0.407 0.388 0.358 0.420 0.400 0.394 0.025,0 0 0 0 0 0 0 0 0 0 0 0 0 0 0 0 0 0 0 0 0 0 1 1 0
Vox_20251119_dahaidaibuzou_003,AP z uo r ir ch eng zh e l ang y0 van f ang d e ai ch ou AP d a h ai d ai b u z ou SP,0.35233 0.09981 0.14741 0.04533 0.2948 0.09871 0.17612 0.0203 0.2692 0.08013 0.3823 0.039 0.31293 0.10521 0.32099 0.03457 0.41088 0.30386 0.11791 0.54513 0.53979 0.08067 0.48248 0.09978 0.55238 0.0378 0.49372 0.1085 0.54365 0.0898 2.39728 0.05222,2 2 2 2 2 2 2 2 1 2 1 2 2 2 2 2 1 1,rest A3+40 B3+9 A#3+10 B3+38 B3+12 A3+46 B3+37 A3+12 F4+36 F4-38 rest D4+39 D4+3 A3+43 A#3-45 B3+9 A#3-41 A#3-45 rest,0.452 0.193 0.394 0.196 0.349 0.421 0.418 0.356 0.411 0.422 0.545 0.620 0.582 0.370 0.220 0.602 0.378 0.255 2.397 0.052,0 0 0 0 0 0 0 0 0 0 0 0 0 0 1 0 0 1 0 0
Vox_20251119_dahaidaibuzou_004,AP d a g uo zh ao m ian AP j iu l i b ie d e f eng AP,0.37837 0.09873 0.15963 0.03503 0.14457 0.0907 0.30476 0.10245 0.67578 0.44343 0.16065 0.32533 0.07001 0.52621 0.08072 0.10612 0.07438 0.13243 0.09977 0.65578 0.66601,2 2 2 2 1 2 2 2 2 2 1 1,rest D#3-38 F#3+44 A3-1 C4-43 rest B3+42 C4-38 A3+48 B3+47 C#4+49 rest,0.477 0.195 0.235 0.407 0.676 0.604 0.395 0.607 0.180 0.232 0.656 0.666,0 0 0 0 0 0 0 0 0 0 0 0
Vox_20251119_dahaidaibuzou_005,b u h ui j i d e t ing sh uo g uo sh en m e SP,0.04192 0.13767 0.03084 0.16417 0.08259 0.3156 0.05986 1.06576 0.16508 0.21225 0.2068 0.43991 0.12698 0.08889 0.15601 0.05113 0.1539 0.59951 0.09832,1 2 2 2 2 2 2 2 2 1 1,rest E3-39 G3+45 A#3-48 B3+47 C4-45 C4-17 A#3+14 C4-35 D4-39 rest,0.042 0.169 0.247 0.375 1.231 0.419 0.567 0.245 0.205 0.600 0.098,0 0 0 0 0 0 0 0 0 0 0
Vox_20251119_dahaidaibuzou_006,AP zh ir h ui j iang w u sh u j i t uo AP s ong f an d ao sh en c e SP,0.47218 0.12351 0.09637 0.08254 0.11429 0.06803 0.36718 0.16822 0.28818 0.15782 0.39547 0.17415 0.42267 0.12517 0.1805 0.30023 0.1297 0.43175 0.09977 0.54692 0.00909 0.4898 0.1687 0.4127 0.17869 2.25034 0.12,2 2 2 2 2 2 2 1 2 2 2 2 2 1 1,rest F3-39 G3-1 A3+44 A#3-9 C4-10 D4-6 D#4-14 F4-41 rest A#4+0 C5-5 D5+38 A#4-7 C5-8 rest,0.596 0.179 0.182 0.383 0.152 0.446 0.570 0.548 0.180 0.430 0.532 0.556 0.659 0.591 2.250 0.120,0 0 0 0 1 0 0 0 0 0 0 0 0 0 0 0
Vox_20251119_dahaidaibuzou_007,AP r u g uo j i c ai d e sh ou h uo y i g uo y0 v ch en zh ong AP,0.76281 0.08345 0.28934 0.1034 0.30114 0.07709 0.0898 0.0898 0.14693 0.07257 0.1814 0.21315 0.29025 0.08617 0.34649 0.06632 0.26837 0.12245 0.31642 0.05817 0.23765 0.15465 0.34785 0.03447 0.57324 0.49174,2 2 2 2 2 2 2 2 2 2 2 2 1 1,rest D4+34 A#4-5 A4+39 F4-7 D4+8 F4-36 A4-41 A#4-9 C5+6 A#4-15 C5-2 D5-1 rest,0.846 0.393 0.378 0.180 0.220 0.395 0.376 0.413 0.391 0.375 0.392 0.382 0.573 0.492,0 0 0 0 0 0 0 0 0 0 0 0 0 0
Vox_20251119_dahaidaibuzou_008,j iu f en y i x ie g ei q v x iao w uo d e h ai ou h ai l ang b an b u AP zh u w uo SP,0.10511 0.2967 0.0898 0.13605 0.04555 0.12316 0.11792 0.24943 0.11156 0.2839 0.14331 0.23765 0.16598 0.26323 0.10135 0.32386 0.05483 0.26172 0.13515 0.42119 0.66271 0.1161 0.31564 0.05036 0.44942 0.13061 0.5034 0.07075 0.21406 0.25578 0.11669 0.36471 0.22368 1.23143 0.22721,1 2 2 2 2 2 2 2 2 2 1 2 2 2 2 1 2 2 1 1,rest A4+16 G#4+47 F4+9 D4+40 F4-2 A4+0 A#4-14 C5-7 A#4-9 C5+6 D5+9 A#4+5 A#4-6 D5+6 C5+36 A#4+43 rest G4+16 D#4+38 D#4+6 rest,0.105 0.387 0.182 0.241 0.361 0.427 0.404 0.365 0.379 0.397 0.421 0.393 0.386 0.366 0.580 0.574 0.214 0.372 0.357 0.231 1.231 0.227,0 0 0 0 0 0 0 0 0 0 0 0 1 0 0 0 0 0 0 1 0 0
Vox_20251119_dahaidaibuzou_009,AP sh ui d i j iao b u m ian w uo SP,0.44748 0.16749 0.24671 0.10159 0.41088 0.13878 0.50793 0.06077 0.49068 0.13154 0.46213 0.13017 1.2009 0.12574,2 2 2 2 2 2 1 1,rest A#4-8 C5+48 D5+43 C5+48 A#4+14 A#4+43 C5+12 C5+11 rest,0.615 0.348 0.117 0.433 0.307 0.262 0.622 0.592 1.201 0.126,0 0 0 1 0 1 0 0 0 0
Vox_20251119_dahaidaibuzou_010,AP r u g uo b uo t ao c i0 k e b u y0 van j iang l ei j ie sh ou SP,0.46984 0.03719 0.33923 0.05172 0.33195 0.04807 0.0898 0.08163 0.11792 0.1687 0.21044 0.14421 0.28118 0.08436 0.30022 0.06012 0.31902 0.07982 0.33923 0.06103 0.24554 0.12515 0.22678 0.22585 0.5161 0.11345,2 2 2 2 2 2 2 2 2 2 2 2 1 1,rest A4-8 A#4-14 A4+16 F4+9 D4+5 F4+6 A#4-40 A#4+6 C5+4 A#4+16 C5+1 D5+3 rest,0.507 0.391 0.380 0.171 0.287 0.355 0.366 0.360 0.399 0.400 0.371 0.453 0.516 0.113,0 0 0 0 0 0 0 0 0 0 0 0 0 0
Vox_20251119_dahaidaibuzou_011,AP j iu h ui j v j ve d iao w u g uan t a d e s uo y iu AP w uo zh an f ang d e x iao r ong SP,0.39546 0.09706 0.2848 0.09343 0.11791 0.08345 0.12154 0.06803 0.29206 0.06168 0.29478 0.1274 0.24993 0.11156 0.33742 0.08914 0.29272 0.05079 0.17959 0.22857 0.2966 0.09796 0.30748 0.39366 0.05351 0.27483 0.14737 0.3905 0.18801 0.47956 0.04244 0.35212 0.23492 0.50431 0.07264 0.13688 0.11556,2 2 2 2 2 2 2 2 2 2 2 1 2 2 2 2 2 2 1 1,rest A#4+0 A4-3 F#4-45 D4+5 F4-13 A4+6 A#4+14 C5-3 A#4+9 C5+3 D5+5 rest A#4-1 F5+14 D#5+8 D#5-47 G#4+41 A#4+43 G4+42 G4+46 rest,0.493 0.378 0.201 0.190 0.354 0.422 0.361 0.427 0.344 0.408 0.395 0.307 0.447 0.422 0.579 0.522 0.587 0.134 0.220 0.223 0.137 0.116,0 0 0 0 0 0 0 0 0 0 0 0 0 0 0 0 0 0 1 1 0 0
Vox_20251119_dahaidaibuzou_012,AP h e b ian zh ir d e m eng AP d a h ai d ai b u z ou SP,0.5057 0.10382 0.25307 0.08905 0.34813 0.04354 0.30567 0.04082 0.18231 0.18691 0.57499 0.45261 0.07256 0.41089 0.14936 0.47377 0.1034 0.44716 0.09173 0.53866 0.09751 1.60574 0.11056,2 2 2 2 2 1 2 2 2 2 2 1 1,rest A#4+34 D5+42 C#5-43 B4-44 C#5-48 rest D#5-49 A#4+34 C5+40 C5+16 A#4+40 A#4+8 rest,0.610 0.342 0.392 0.346 0.369 0.575 0.525 0.560 0.577 0.539 0.395 0.242 1.606 0.111,0 0 0 0 0 0 0 0 0 0 0 1 0 0
